,X,Y,Z,X_r,Y_r,Z_r,surface,series,id,order_series,smooth
0,3000.0,0.0,3050.0,0.2501,0.5001,0.5488912243579204,surface 1,Default series,1,1,1e-06
1,9000.0,0.0,3050.0,0.7501,0.5001,0.5488912243579204,surface 1,Default series,1,1,1e-06
2,3000.0,0.0,929.0106154099107,0.2501,0.5001,0.37214210897541294,surface 2,Default series,2,1,1e-06
3,9000.0,0.0,1341.253368518041,0.7501,0.5001,0.4064956717344238,surface 2,Default series,2,1,1e-06
