X,Y,Z,azimuth,dip,polarity,formation
1.6091742522394568,0.440827623399137,1.4343304830456869,90,3,1,Interface 1
1.9557687255428264,0.6701289402402921,2.32126555671997,90,3,1,Interface 2
1.6194810638667003,0.4210322838032071,3.6925883065699208,90,3,1,Interface 3
