X,Y,Z,azimuth,dip,polarity,formation
1.3310054523548316,0.34772499628568015,1.5324125410070377,90,3,1,Interface 1
1.5130311776876266,0.5673192680014136,2.4573628529625933,90,3,1,Interface 2
1.4741011330213534,0.41843927744356596,3.533894526321286,90,3,1,Interface 3
