,rescaling factor,centers
values,97123.0,[ 7.21180062e+05  6.89349475e+06 -3.95136022e+03]
