,range,$C_o$,drift equations
values,3464.1016151377544,285714.2857142857,[3 3]
