,X,Y,Z,X_r,Y_r,Z_r,G_x,G_y,G_z,dip,azimuth,polarity,surface,series,id,order_series,smooth
2,500,1000,864.602,0.40799473684210524,0.5001,0.4907847368421052,-0.9486830155918029,9.998257297572324e-13,0.31622861338970926,71.565,270.0,1.0,Main_Fault,Fault_Series,1,1,0.01
1,400,1000,1400.0,0.38167894736842106,0.5001,0.631678947368421,0.3162286133897092,1.0000193634179593e-12,0.9486830155938029,18.435,90.0,1.0,Sandstone_2,Strat_Series,2,2,0.01
0,1000,1000,950.0,0.5395736842105263,0.5001,0.5132578947368421,0.3162286133897092,1.0000193634179593e-12,0.9486830155938029,18.435,90.0,1.0,Shale,Strat_Series,4,2,0.01
