X,Y,Z,azimuth,dip,polarity,formation
1750.000000,1000.000000,-950.000000,90.000000,45.000000,1,Seal
1750.000000,1000.000000,-900.000000,90.000000,45.000000,1,SecondaryReservoir
1750.000000,1000.000000,-1550.000000,94.826792,45.100000,1,NonReservoirDeep
1041.053000,1000.000000,-890.553000,90.000000,-45.000000,1,MainFault
1750.000000,1000.000000,-1350.000000,90.000000,45.000000,1,Reservoir
