X,Y,Z,azimuth,dip,polarity,formation
1450.000000,1000.000000,-1150.000000,90.000000,18.435000,1,Reservoir
917.450000,1000.000000,-1135.398000,270.000000,71.565000,1,MainFault
