X,Y,Z,azimuth,dip,polarity,formation
16.079956,5,-5.792,90,36.027,1,Layer1
9.053956,5,-6.646,90,39.611,1,fault
9.907953,5,-2.422365,270,1.332,1,Unconformity
2.942956,5,-3.659,270,21.448,1,Layer2
