,X,Y,Z,G_x,G_y,G_z,dip,azimuth,polarity,formation,series,formation_number,order_series,isFault,formation_value,annotations
2,1000.0,1250.0,1500.0,0.31816239933811036,-0.4772448176609822,0.8191520442899918,35.0,146.31,1.0,Sandstone,Strat_Series,1,2,False,1,"${\bf{x}}_{\beta \,{\bf{1}},0}$"
1,1000.0,1250.0,700.0,0.3181623993373182,-0.477244817659794,0.8191520442909918,34.99999999990011,146.31,1.0,Schist,Strat_Series,5,2,False,5,"${\bf{x}}_{\beta \,{\bf{5}},0}$"
0,1000.0000000000001,1249.9999999999982,10.00000000000001,0.31816239933811036,-0.4772448176609822,0.8191520442899918,35.0,146.31,1.0,Gneiss,Strat_Series,6,2,False,6,"${\bf{x}}_{\beta \,{\bf{6}},0}$"
