X,Y,Z,azimuth,dip,polarity,formation
16.079956,5.000000,-5.792000,90.000000,36.027000,1,Layer1
9.053956,5.000000,-6.646000,90.000000,39.611000,1,fault1
9.907953,5.000000,-2.422365,270.000000,1.332000,1,Unconformity
2.942956,5.000000,-3.659000,270.000000,21.448000,1,Layer2
