X,Y,Z,azimuth,dip,polarity,formation
1.6978306901457683,0.41110198613756016,1.6029389437255324,90,3,1,Interface 1
1.7195391192355785,0.5626451956051594,2.472738626618176,90,3,1,Interface 2
1.495242289722598,0.4910726760041612,3.492149440441866,90,3,1,Interface 3
