X,Y,Z,azimuth,dip,polarity,formation
1.5148707181510086,0.5955223778004232,1.3152116082918883,90,3,1,Interface 1
1.6375738459239926,0.3793411642599079,2.5638820145256602,90,3,1,Interface 2
1.5717921663018621,0.5482225122957302,3.6469162813883775,90,3,1,Interface 3
