,range,$C_o$,drift equations
values,13266.4991614216,4190476.1904761903,[3]
