,X,Y,Z,G_x,G_y,G_z,dip,azimuth,polarity,formation,series,formation_number,order_series,isFault,formation_value,annotations
0,500.0,1000.0,864.602,-0.9486830155920029,-0.31622861338710945,1.999261954502598e-12,89.99999999994274,251.56500000003624,1.0,Main_Fault,Fault_Series,1,1,True,1,"${\bf{x}}_{\beta \,{\bf{1}},0}$"
1,1000.0,1000.0,1500.0,0.40557978767430714,-0.40557978767030683,0.8191520442903204,34.99999999996717,134.99999999985872,1.0,Sandstone,Strat_Series,2,2,False,2,"${\bf{x}}_{\beta \,{\bf{2}},0}$"
2,1000.0,1000.0,500.0,0.4055797876736288,-0.4055797876696291,0.8191520442909919,34.999999999900105,134.99999999985874,1.0,Schist,Strat_Series,6,2,False,6,"${\bf{x}}_{\beta \,{\bf{6}},0}$"
3,1000.0,1000.0,10.0,0.4055797876736288,-0.4055797876696291,0.8191520442909919,34.999999999900105,134.99999999985874,1.0,Gneiss,Strat_Series,7,2,False,7,"${\bf{x}}_{\beta \,{\bf{7}},0}$"
