,surface,series,order_surfaces,isBasement,color,vertices,edges,id
4,Main_Fault,Fault_Series,1,False,#527682,"[[ 399.99996185    0.           40.        ]
 [ 386.66664124    0.            0.        ]
 [ 399.99996185   40.           40.        ]
 ...
 [1013.33328247 1960.         1880.        ]
 [1026.66671753 1960.         1920.        ]
 [1040.         1960.         1960.        ]]","[[   2    1    0]
 [   3    1    2]
 [   0    5    4]
 ...
 [3297 3294 3298]
 [3299 3295 3296]
 [3298 3295 3299]]",1
3,Sandstone_2,Strat_Series,1,False,#728f02,"[[  27.95036077  560.         1760.        ]
 [  40.          560.         1744.44046021]
 [  40.          554.43729401 1760.        ]
 ...
 [1960.         1920.         1206.90940857]
 [1955.29815674 1960.         1200.        ]
 [1960.         1960.         1201.27983093]]","[[   2    1    0]
 [   4    3    0]
 [   3    2    0]
 ...
 [4591 4506 4504]
 [4591 4592 4594]
 [4591 4594 4593]]",2
2,Siltstone,Strat_Series,2,False,#ffbe00,"[[  29.34421539  320.         1680.        ]
 [  40.          320.         1654.47906494]
 [  40.          315.8045578  1680.        ]
 ...
 [1960.         1920.          975.32791138]
 [1923.39019775 1960.          960.        ]
 [1960.         1960.          967.73757935]]","[[   2    1    0]
 [   4    3    0]
 [   0    3    2]
 ...
 [4857 4856 4780]
 [4778 4857 4780]
 [4855 4857 4778]]",3
0,Shale,Strat_Series,3,False,#015482,"[[  32.29823351   80.         1480.        ]
 [  40.           80.         1444.35638428]
 [  40.           75.88928699 1480.        ]
 ...
 [1960.         1859.78897095  760.        ]
 [1960.         1920.          744.24240112]
 [1960.         1960.          733.76312256]]","[[   2    1    0]
 [   4    3    0]
 [   0    3    2]
 ...
 [4402 4328 4400]
 [4402 4329 4328]
 [4403 4329 4402]]",4
1,Sandstone_1,Strat_Series,4,False,#9f0052,"[[   9.33429539   40.          800.        ]
 [  40.            0.          791.04286194]
 [  31.73306465    0.          800.        ]
 ...
 [1960.         1920.          407.49923706]
 [1960.         1960.          390.71594238]
 [1960.         1938.35327148  400.        ]]","[[   2    1    0]
 [   0    1    3]
 [   0    5    4]
 ...
 [4080 4147 4079]
 [4080 4078 4146]
 [4080 4146 4148]]",5
5,basement,Strat_Series,5,True,#ff3f20,,,6
