,surface,series,order_surfaces,isBasement,isFault,color,vertices,edges,id
4,Main_Fault,Fault_Series,1,False,True,#527682,"[[ 400.            0.           40.        ]
 [ 386.66667938    0.            0.        ]
 [ 400.           40.           40.        ]
 ...
 [1013.33335876 1960.         1880.        ]
 [1026.66664124 1960.         1920.        ]
 [1040.         1960.         1960.        ]]","[[   2    1    0]
 [   3    1    2]
 [   0    5    4]
 ...
 [3297 3294 3298]
 [3299 3295 3296]
 [3298 3295 3299]]",1
3,Sandstone_2,Strat_Series,1,False,False,#728f02,"[[   0.            0.         1100.34706116]
 [   0.           40.         1106.66290283]
 [  40.            0.         1087.7155304 ]
 ...
 [1960.         1920.         1201.89964294]
 [1960.         1960.         1196.18530273]
 [1960.         1933.29727173 1200.        ]]","[[   2    1    0]
 [   3    1    2]
 [   3    4    1]
 ...
 [4140 4079 4138]
 [4140 4081 4079]
 [4141 4138 4139]]",1
2,Siltstone,Strat_Series,2,False,False,#ffbe00,"[[   0.            0.          991.20498657]
 [   0.           40.          997.87162781]
 [  40.            0.          976.56997681]
 ...
 [1960.         1880.         1060.12069702]
 [1960.         1920.         1057.26356506]
 [1960.         1960.         1051.54922485]]","[[   2    1    0]
 [   3    1    2]
 [   5    1    4]
 ...
 [3836 3779 3835]
 [3836 3780 3779]
 [3837 3780 3836]]",2
0,Shale,Strat_Series,3,False,False,#015482,"[[   0.            0.          792.78137207]
 [   0.           40.          797.48725891]
 [  40.            0.          773.95782471]
 ...
 [1960.         1920.          811.23451233]
 [1920.90560913 1960.          800.        ]
 [1960.         1960.          808.37738037]]","[[   2    1    0]
 [   3    1    2]
 [   5    1    4]
 ...
 [4338 4337 4275]
 [4273 4338 4275]
 [4336 4338 4273]]",3
1,Sandstone_1,Strat_Series,4,False,False,#9f0052,"[[  38.45593929   40.          560.        ]
 [  40.            0.          554.03495789]
 [  29.39548731    0.          560.        ]
 ...
 [1960.         1920.          558.81225586]
 [1960.         1904.55932617  560.        ]
 [1960.         1960.          556.03996277]]","[[   2    1    0]
 [   0    1    3]
 [   0    5    4]
 ...
 [4604 4601 4602]
 [4603 4544 4543]
 [4605 4544 4603]]",4
5,basement,Strat_Series,5,True,False,#ff3f20,,,5
