,X,Y,Z,X_r,Y_r,Z_r,G_x,G_y,G_z,dip,azimuth,polarity,surface,series,id,order_series,smooth
2,500.0,1000.0,864.602,0.40799473684210524,0.5001,0.4907847368421052,-0.9486830155918029,9.998257297572324e-13,0.3162286133897092,71.565,270.0,1.0,Main_Fault,Fault_Series,1,1,0.01
0,1000.0,1000.0,950.0,0.5395736842105263,0.5001,0.5132578947368421,0.3162286133897092,1.0000193634179593e-12,0.9486830155938029,18.435,90.0,1.0,Shale,Strat_Series,2,2,0.01
1,295.52656009180816,908.4840695020393,1498.9904184936415,0.3541859368662653,0.4760168603952735,0.6577290574983268,0.3149948810036447,-0.007309955219411215,0.9490652187790836,18.36562461961167,91.32940071655739,1.0,Sandstone_2,Strat_Series,5,2,0.01
