,surface,series,order_surfaces,isBasement,color,vertices,edges,id
4,Main_Fault,Fault_Series,1,False,#527682,"[[ 400.            0.           40.        ]
 [ 386.66667938    0.            0.        ]
 [ 400.           40.           40.        ]
 ...
 [1013.33335876 1960.         1880.        ]
 [1026.66664124 1960.         1920.        ]
 [1040.         1960.         1960.        ]]","[[   2    1    0]
 [   3    1    2]
 [   0    5    4]
 ...
 [3297 3294 3298]
 [3299 3295 3296]
 [3298 3295 3299]]",1
3,Sandstone_2,Strat_Series,1,False,#728f02,"[[   0.            0.         1399.34967041]
 [   0.           40.         1399.55993652]
 [  40.            0.         1383.1892395 ]
 ...
 [1960.         1880.         1193.70231628]
 [1960.         1920.         1189.245224  ]
 [1960.         1960.         1185.27381897]]","[[   2    1    0]
 [   3    1    2]
 [   5    1    4]
 ...
 [3763 3696 3762]
 [3763 3697 3696]
 [3764 3697 3763]]",2
2,Siltstone,Strat_Series,2,False,#ffbe00,"[[  31.41110182   40.         1160.        ]
 [  40.            0.         1156.60263062]
 [  32.15152502    0.         1160.        ]
 ...
 [1960.         1880.          983.82301331]
 [1960.         1920.          978.76853943]
 [1960.         1960.          974.21607971]]","[[   2    1    0]
 [   0    1    3]
 [   0    5    4]
 ...
 [3905 3836 3904]
 [3905 3838 3836]
 [3906 3838 3905]]",3
0,Shale,Strat_Series,3,False,#015482,"[[   0.            0.          949.93858337]
 [   0.           40.          949.11346436]
 [  40.            0.          931.37771606]
 ...
 [1960.         1880.          781.52412415]
 [1960.         1920.          776.03843689]
 [1960.         1960.          771.07582092]]","[[   2    1    0]
 [   3    1    2]
 [   3    4    1]
 ...
 [4047 3978 4046]
 [4047 3980 3978]
 [4048 3980 4047]]",4
1,Sandstone_1,Strat_Series,4,False,#9f0052,"[[  11.65277243   40.          640.        ]
 [  40.            0.          628.33095551]
 [  17.65794873    0.          640.        ]
 ...
 [1960.         1880.          512.40413666]
 [1960.         1920.          507.28420258]
 [1960.         1960.          502.68001556]]","[[   2    1    0]
 [   0    1    3]
 [   0    5    4]
 ...
 [4128 4061 4127]
 [4128 4062 4061]
 [4129 4062 4128]]",5
5,basement,Strat_Series,5,True,#ff3f20,,,6
