,surface,series,order_surfaces,isBasement,color,vertices,edges,id
4,Main_Fault,Fault_Series,1,False,#527682,"[[ 400.            0.           40.        ]
 [ 386.66664124    0.            0.        ]
 [ 400.           40.           40.        ]
 ...
 [1013.33335876 1960.         1880.        ]
 [1026.66671753 1960.         1920.        ]
 [1040.         1960.         1960.        ]]","[[   2    1    0]
 [   3    1    2]
 [   0    5    4]
 ...
 [3297 3294 3298]
 [3299 3295 3296]
 [3298 3295 3299]]",1
3,Sandstone_2,Strat_Series,1,False,#728f02,"[[   8.48107517   40.         1400.        ]
 [  40.            0.         1387.41531372]
 [   7.15217292    0.         1400.        ]
 ...
 [1960.         1880.         1188.39645386]
 [1960.         1920.         1184.3711853 ]
 [1960.         1960.         1180.87303162]]","[[   2    1    0]
 [   0    1    3]
 [   0    5    4]
 ...
 [3570 3504 3569]
 [3570 3505 3504]
 [3571 3505 3570]]",2
2,Siltstone,Strat_Series,2,False,#ffbe00,"[[   0.            0.         1180.56419373]
 [   0.           40.         1180.99662781]
 [  40.            0.         1162.92098999]
 ...
 [1960.         1880.          979.11552429]
 [1960.         1920.          974.79621887]
 [1960.         1960.          971.02798462]]","[[   2    1    0]
 [   3    1    2]
 [   3    4    1]
 ...
 [3749 3682 3748]
 [3749 3684 3682]
 [3750 3684 3749]]",3
0,Shale,Strat_Series,3,False,#015482,"[[   9.3610698    40.          960.        ]
 [  40.            0.          945.22102356]
 [  10.15531778    0.          960.        ]
 ...
 [1960.         1880.          783.75099182]
 [1960.         1920.          779.46151733]
 [1960.         1960.          775.73440552]]","[[   2    1    0]
 [   0    1    3]
 [   0    5    4]
 ...
 [3850 3785 3849]
 [3850 3786 3785]
 [3851 3786 3850]]",4
1,Sandstone_1,Strat_Series,4,False,#9f0052,"[[  32.06840754   40.          640.        ]
 [  40.            0.          638.31840515]
 [  37.07537413    0.          640.        ]
 ...
 [1960.         1871.08123779  520.        ]
 [1960.         1920.          515.91743469]
 [1960.         1960.          513.16841125]]","[[   2    1    0]
 [   0    1    3]
 [   0    5    4]
 ...
 [3901 3831 3899]
 [3901 3832 3831]
 [3902 3832 3901]]",5
5,basement,Strat_Series,5,True,#ff3f20,,,6
