,surface,series,order_surfaces,isBasement,color,vertices,edges,id
4,Main_Fault,Fault_Series,1,False,#527682,"[[ 399.99996185    0.           40.        ]
 [ 386.66664124    0.            0.        ]
 [ 399.99996185   40.           40.        ]
 ...
 [1040.00007629 1880.         1960.        ]
 [1040.00007629 1920.         1960.        ]
 [1040.00007629 1960.         1960.        ]]","[[   2    1    0]
 [   3    1    2]
 [   0    5    4]
 ...
 [3359 3307 3303]
 [3361 3311 3360]
 [3360 3311 3307]]",1
3,Sandstone_2,Strat_Series,1,False,#728f02,"[[   0.            0.         1399.34997559]
 [   0.           40.         1399.55993652]
 [  40.            0.         1383.1892395 ]
 ...
 [1960.         1880.         1193.70201111]
 [1960.         1920.         1189.24484253]
 [1960.         1960.         1185.27351379]]","[[   2    1    0]
 [   3    1    2]
 [   5    1    4]
 ...
 [3763 3696 3762]
 [3763 3697 3696]
 [3764 3697 3763]]",2
2,Siltstone,Strat_Series,2,False,#ffbe00,"[[  31.41057491   40.         1160.        ]
 [  40.            0.         1156.60240173]
 [  32.1510601     0.         1160.        ]
 ...
 [1960.         1880.          983.82263184]
 [1960.         1920.          978.76823425]
 [1960.         1960.          974.21592712]]","[[   2    1    0]
 [   0    1    3]
 [   0    5    4]
 ...
 [3905 3836 3904]
 [3905 3838 3836]
 [3906 3838 3905]]",3
0,Shale,Strat_Series,3,False,#015482,"[[   0.            0.          949.93850708]
 [   0.           40.          949.11354065]
 [  40.            0.          931.37748718]
 ...
 [1960.         1880.          781.52389526]
 [1960.         1920.          776.0382843 ]
 [1960.         1960.          771.07559204]]","[[   2    1    0]
 [   3    1    2]
 [   3    4    1]
 ...
 [4047 3978 4046]
 [4047 3980 3978]
 [4048 3980 4047]]",4
1,Sandstone_1,Strat_Series,4,False,#9f0052,"[[  11.65256143   40.          640.        ]
 [  40.            0.          628.33099365]
 [  17.65811086    0.          640.        ]
 ...
 [1960.         1880.          512.40402222]
 [1960.         1920.          507.28397369]
 [1960.         1960.          502.67982483]]","[[   2    1    0]
 [   0    1    3]
 [   0    5    4]
 ...
 [4128 4061 4127]
 [4128 4062 4061]
 [4129 4062 4128]]",5
5,basement,Strat_Series,5,True,#ff3f20,,,6
