,X,Y,Z,G_x,G_y,G_z,dip,azimuth,polarity,formation,series,formation_number,order_series,isFault,formation_value,annotations
0,500.0,1000.0,864.602,-0.9486830155920029,-0.31622861338710945,1.999261954502598e-12,89.99999999994274,251.56500000003624,1.0,Main_Fault,Fault_Series,1,1,True,1,"${\bf{x}}_{\beta \,{\bf{1}},0}$"
1,1500.0,1000.0,1000.0,0.5389855446963152,0.19617469496985063,0.8191520442903204,34.99999999996717,70.0,1.0,Sandstone,Strat_Series,2,2,False,2,"${\bf{x}}_{\beta \,{\bf{2}},0}$"
4,250.0,1000.0,1100.0,1e-12,1e-12,1.000000000001,0.0,0.0,1.0,Sandstone,Strat_Series,2,2,False,2,"${\bf{x}}_{\beta \,{\bf{2}},1}$"
5,250.0,1000.0,800.0,1e-12,1e-12,1.000000000001,0.0,0.0,1.0,Shale,Strat_Series,4,2,False,4,"${\bf{x}}_{\beta \,{\bf{4}},0}$"
6,250.0,1000.0,500.0,1e-12,1e-12,1.000000000001,0.0,0.0,1.0,Sandstone_2,Strat_Series,5,2,False,5,"${\bf{x}}_{\beta \,{\bf{5}},0}$"
2,1500.0,1000.0,200.0,0.5389855446954142,0.19617469496952267,0.8191520442909919,34.999999999900105,70.0,1.0,Schist,Strat_Series,6,2,False,6,"${\bf{x}}_{\beta \,{\bf{6}},0}$"
7,250.0,1000.0,300.0,1e-12,1e-12,1.000000000001,0.0,0.0,1.0,Schist,Strat_Series,6,2,False,6,"${\bf{x}}_{\beta \,{\bf{6}},1}$"
3,1500.0,1000.0,100.0,0.5389855446954142,0.19617469496952267,0.8191520442909919,34.999999999900105,70.0,1.0,Gneiss,Strat_Series,7,2,False,7,"${\bf{x}}_{\beta \,{\bf{7}},0}$"
