,X,Y,Z,G_x,G_y,G_z,dip,azimuth,polarity,formation,series,formation_number,order_series,isFault,formation_value,annotations
2,750.0,1000.0,1300.0,-0.8191520442879918,9.998495242106419e-13,0.573576436352046,55.0,270.0,1.0,Siltstone,Strat_Series,2,2,False,2,"${\bf{x}}_{\beta \,{\bf{2}},0}$"
3,1250.0,1000.0,1300.0,0.8191520442899918,1.0000501585964528e-12,0.573576436352046,55.0,90.0,1.0,Siltstone,Strat_Series,2,2,False,2,"${\bf{x}}_{\beta \,{\bf{2}},1}$"
0,750.0,1000.0,500.0,-0.8191520442879918,9.998495242106419e-13,0.573576436352046,55.0,270.0,1.0,Schist,Strat_Series,5,2,False,5,"${\bf{x}}_{\beta \,{\bf{5}},0}$"
1,1250.0,1000.0,500.0,0.8191520442899918,1.0000501585964528e-12,0.573576436352046,55.0,90.0,1.0,Schist,Strat_Series,5,2,False,5,"${\bf{x}}_{\beta \,{\bf{5}},1}$"
