,surface,series,order_surfaces,isBasement,color,vertices,edges,id,value_0
3,EarlyGranite,EarlyGranite_Series,1,False,#728f02,"[[ 6.96000000e+05  6.86836000e+06 -7.26983536e+02]
 [ 6.97020000e+05  6.86918545e+06 -6.08000000e+02]
 [ 6.97020000e+05  6.86836000e+06 -8.87661011e+02]
 ...
 [ 7.43436825e+05  6.88980000e+06 -6.08000000e+02]
 [ 7.43740451e+05  6.88980000e+06 -2.04000000e+02]
 [ 7.43231528e+05  6.89114000e+06 -2.04000000e+02]]","[[   2    1    0]
 [   0    1    3]
 [   4    3    1]
 ...
 [2161 2152 2150]
 [2152 2161 2155]
 [2155 2161 2164]]",1,2.61
0,SimpleMafic2,BIF_Series,1,False,#015482,"[[ 7.14955308e+05  6.88310000e+06 -2.04000000e+02]
 [ 7.15380000e+05  6.88176000e+06 -3.54262466e+02]
 [ 7.14647264e+05  6.88176000e+06 -2.04000000e+02]
 ...
 [ 7.45980000e+05  6.89114000e+06 -6.72590622e+02]
 [ 7.45980000e+05  6.89119348e+06 -6.08000000e+02]
 [ 7.45980000e+05  6.89152095e+06 -2.04000000e+02]]","[[   2    1    0]
 [   0    1    3]
 [   4    3    1]
 ...
 [1222 1224 1186]
 [1224 1187 1186]
 [1224 1225 1187]]",2,2.92
1,SimpleBIF,BIF_Series,2,False,#9f0052,,,3,3.1
2,SimpleMafic1,SimpleMafic_Series,1,False,#ffbe00,,,4,2.92
4,basement,Basement,1,True,#443988,,,5,2.61
